,precision,recall,f1-score,support
arowana,0.8634686346863468,0.9212598425196851,0.8914285714285715,254.0
betta,0.9166666666666666,0.944206008583691,0.9302325581395349,233.0
goldfish,0.8947368421052632,0.7391304347826086,0.8095238095238095,23.0
luohan,0.9330543933054394,0.861003861003861,0.895582329317269,259.0
accuracy,0.9024707412223667,0.9024707412223667,0.9024707412223667,0.9024707412223667
macro avg,0.901981634190929,0.8664000367224615,0.8816918171022962,769.0
weighted avg,0.9039589099846492,0.9024707412223667,0.902135128870727,769.0
